{"cameraMode":{"drawMode":0,"name":"Shaded","section":"Shading Mode"},"sceneLighting":true,"audioPlay":false,"sceneViewState":{"showFog":true,"showMaterialUpdate":true,"showSkybox":true,"showFlares":true,"showImageEffects":true,"showParticleSystems":true},"in2DMode":false,"pivot":{"x":1.6467838287353516,"y":5.5951457023620609,"z":-3.905461072921753},"rotation":{"x":-0.07531546801328659,"y":0.19084423780441285,"z":-0.014687705785036087,"w":-0.9786183834075928},"size":11.527522087097168,"orthographic":true}