{"cameraMode":{"drawMode":0,"name":"Shaded","section":"Shading Mode"},"sceneLighting":true,"audioPlay":false,"sceneViewState":{"showFog":true,"showMaterialUpdate":true,"showSkybox":true,"showFlares":true,"showImageEffects":true,"showParticleSystems":true},"in2DMode":false,"pivot":{"x":-0.7056030035018921,"y":4.614316463470459,"z":0.6050987243652344},"rotation":{"x":-0.11780545115470886,"y":0.32067522406578066,"z":-0.04023260623216629,"w":-0.9389752745628357},"size":12.846118927001954,"orthographic":true}